5452	f/dac_crowell-redshifted_harmonies-01-tranquilitatis-1480-1509.mp3
42400	f/brad_sucks-i_dont_know_what_im_doing-10-dirtbag-0-29.mp3
47499	f/asteria-le_souvenir_de_vous_me_tue-12-adieu_ces_bons_vins_de_lannoys_guillaume_dufay-59-88.mp3
5862	f/american_bach_soloists-j_s__bach_solo_cantatas-02-bwv54__ii_recitative-30-59.mp3
5336	c/hands_upon_black_earth-hands_upon_black_earth-01-timeagain-88-117.mp3
11049	c/five_star_fall-automatic_ordinary-02-what_planet_are_we_on-0-29.mp3
22858	c/edward_martin-art_of_the_lute_in_renaissance_france-05-il_me_souffit_sermisy-59-88.mp3
25971	c/dj_markitos-inside_your_dreams-06-artificial_signals-0-29.mp3
7394	c/atomic_opera-alpha_and_oranges-02-for_madmen_only-88-117.mp3
43446	3/dj_cary-downtempo_chill-10-not_even_alone_four_stones-233-262.mp3
5800	3/c__layne-potemkin_villages-01-you_are_the_reason-0-29.mp3
19243	3/american_baroque-mozart_4_quartets_for_strings_and_winds-04-quartet_in_g_k285a__andante-407-436.mp3
14233	3/american_baroque-mozart_4_quartets_for_strings_and_winds-03-oboe_quartet_in_f_k370__rondeau-59-88.mp3
3058	3/american_baroque-mozart_4_quartets_for_strings_and_winds-01-oboe_quartet_in_f_k370__allegro-320-349.mp3
